,Name,Trait1,Trait2,Trait3,Trait4,Trait5,Trait6,Trait7
0,Awakened Shrub,"False Appearance: While the shrub remains motionless, it is indistinguishable from a normal shrub.",,,,,,
1,Baboon,Pack Tactics: The baboon has advantage on an Attack roll against a creature if at least one of the baboon's allies is within 5 ft. of the creature and the ally isn't Incapacitated.,,,,,,
2,Badger,Keen Smell: The badger has advantage on Wisdom (Perception) checks that rely on smell.,,,,,,
3,Bat,Echolocation: The bat can't use its blindsight while Deafened.,Keen Hearing: The bat has advantage on Wisdom (Perception) checks that rely on hearing.,,,,,
4,Cat,Keen Smell: The cat has advantage on Wisdom (Perception) checks that rely on smell.,,,,,,
5,Commoner,,,,,,,
6,Crab,Amphibious: The crab can breathe air and water.,,,,,,
7,Deer,,,,,,,
8,Eagle,Keen Sight: The eagle has advantage on Wisdom (Perception) checks that rely on sight.,,,,,,
9,Frog,Amphibious: The frog can breathe air and water,"Standing Leap: The frog's long jump is up to 10 ft. and its high jump is up to 5 ft., with or without a running start.",,,,,
10,Giant Fire Beetle,Illumination: The beetle sheds bright light in a 10-foot radius and dim light for an additional 10 ft..,,,,,,
11,Goat,"Charge: If the goat moves at least 20 ft. straight toward a target and then hits it with a ram Attack on the same turn, the target takes an extra 2 (1d4) bludgeoning damage. If the target is a creature, it must succeed on a DC 10 Strength saving throw or be knocked prone.",Sure-Footed: The goat has advantage on Strength and Dexterity saving throws made against effects that would knock it prone.,,,,,
12,Hawk,Keen Sight: The hawk has advantage on Wisdom (Perception) checks that rely on sight.,,,,,,
13,Homunculus,"Telepathic Bond: While the homunculus is on the same plane of existence as its master, it can magically convey what it senses to its master, and the two can communicate telepathically.",,,,,,
14,Hyena,Pack Tactics: The hyena has advantage on an Attack roll against a creature if at least one of the hyena's allies is within 5 ft. of the creature and the ally isn't Incapacitated.,,,,,,
15,Jackal,Keen Hearing and Smell: The jackal has advantage on Wisdom (Perception) checks that rely on hearing or smell.,Pack Tactics: The jackal has advantage on an Attack roll against a creature if at least one of the jackal's allies is within 5 ft. of the creature and the ally isn't Incapacitated.,,,,,
16,Lemure,Devil's Sight: Magical Darkness doesn't impede the lemure's Darkvision.,Hellish Rejuvenation: A lemure that dies in the Nine Hells comes back to life with all its hit points in 1d10 days unless it is killed by a good-aligned creature with a bless spell cast on that creature or its remains are sprinkled with Holy Water.,,,,,
17,Lizard,,,,,,,
18,Octopus,"Hold Breath: While out of water, the octopus can hold its breath for 30 minutes.",Underwater Camouflage: The octopus has advantage on Dexterity (Stealth) checks made while Underwater.,Water Breathing: The octopus can breathe only Underwater.,,,,
19,Owl,Flyby: The owl doesn't provoke Opportunity Attacks when it flies out of an enemy's reach.,Keen Hearing and Sight: The owl has advantage on Wisdom (Perception) checks that rely on hearing or sight.,,,,,
20,Quipper,Blood Frenzy: The quipper has advantage on melee Attack rolls against any creature that doesn't have all its hit points.,Water Breathing: The quipper can breathe only Underwater.,,,,,
21,Rat,Keen Smell: The rat has advantage on Wisdom (Perception) checks that rely on smell.,,,,,,
22,Raven,"Mimicry: The raven can mimic simple sounds it has heard, such as a person whispering, a baby crying, or an animal chittering. A creature that hears the sounds can tell they are imitations with a successful DC 10 Wisdom (Insight) check.",,,,,,
23,Scorpion,,,,,,,
24,Sea Horse,Water Breathing: The sea horse can breathe only Underwater.,,,,,,
25,Shrieker,"False Appearance: While the shrieker remains motionless, it is indistinguishable from an ordinary fungus.",,,,,,
26,Spider,"Spider Climb: The spider can climb difficult surfaces, including upside down on ceilings, without needing to make an ability check.","Web Sense: While in contact with a web, the spider knows the exact location of any other creature in contact with the same web.",Web Walker: The spider ignores Movement restrictions caused by webbing.,,,,
27,Vulture,Keen Sight and Smell: The vulture has advantage on Wisdom (Perception) checks that rely on sight or smell.,Pack Tactics: The vulture has advantage on an Attack roll against a creature if at least one of the vulture's allies is within 5 ft. of the creature and the ally isn't Incapacitated.,,,,,
28,Weasel,Keen Hearing and Smell: The weasel has advantage on Wisdom (Perception) checks that rely on hearing or smell.,,,,,,
29,Bandit,,,,,,,
30,Blood Hawk,Keen Sight: The hawk has advantage on Wisdom (Perception) checks that rely on sight.,Pack Tactics: The hawk has advantage on an Attack roll against a creature if at least one of the hawk's allies is within 5 ft. of the creature and the ally isn't Incapacitated.,,,,,
31,Camel,,,,,,,
32,Cultist,Dark Devotion: The cultist has advantage on saving throws against being Charmed or Frightened.,,,,,,
33,Diseased Giant Rat,"
Keen Smell. The rat has advantage on Wisdom  (Perception) checks that rely on smell.",Pack Tactics. The rat has advantage on an Attack roll  against a creature if at least one of the rat’s allies is  within 5 feet of the creature and the ally isn’t  Incapacitated.,,,,,
34,Flying Snake,Flyby: The snake doesn't provoke Opportunity Attacks when it flies out of an enemy's reach.,,,,,,
35,Giant Crab,Amphibious: The crab can breathe air and water.,,,,,,
36,Giant Rat,Keen Smell: The rat has advantage on Wisdom (Perception) checks that rely on smell.,Pack Tactics: The rat has advantage on an Attack roll against a creature if at least one of the rat's allies is within 5 ft. of the creature and the ally isn't Incapacitated.,,,,,
37,Giant Weasel,Keen Hearing and Smell: The Weasel has advantage on Wisdom (Perception) checks that rely on hearing or smell.,,,,,,
38,Guard,,,,,,,
39,Kobold,"Sunlight Sensitivity: While in sunlight, the kobold has disadvantage on Attack rolls, as well as on Wisdom (Perception) checks that rely on sight.",Pack Tactics: The kobold has advantage on an Attack roll against a creature if at least one of the kobold's allies is within 5 ft. of the creature and the ally isn't Incapacitated.,,,,,
40,Mastiff,Keen Hearing and Smell: The mastiff has advantage on Wisdom (Perception) checks that rely on hearing or smell.,,,,,,
41,Merfolk,Amphibious: The merfolk can breathe air and water.,,,,,,
42,Mule,Beast of Burden: The mule is considered to be a Large animal for the purpose of determining its carrying capacity.,Sure-Footed: The mule has advantage on Strength and Dexterity saving throws made against effects that would knock it prone.,,,,,
43,Noble,,,,,,,
44,Poisonous Snake,,,,,,,
45,Pony,,,,,,,
46,Stirge,,,,,,,
47,Tribal Warrior,Pack Tactics: The warrior has advantage on an Attack roll against a creature if at least one of the warrior's allies is within 5 ft. of the creature and the ally isn't Incapacitated.,,,,,,
48,Acolyte,"Spellcasting: The acolyte is a 1st-level spellcaster. Its spellcasting ability is Wisdom (spell save DC 12, +4 to hit with spell attacks). The acolyte has following Cleric Spells prepared: ",,,,,,
49,Axe Beak,,,,,,,
50,Blink Dog,Keen Hearing and Smell: The dog has advantage on Wisdom (Perception) checks that rely on hearing or smell.,,,,,,
51,Boar,"Charge: If the boar moves at least 20 ft. straight toward a target and then hits it with a tusk Attack on the same turn, the target takes an extra 3 (1d6) slashing damage. If the target is a creature, it must succeed on a DC 11 Strength saving throw or be knocked prone.","Relentless (Recharges after a Short or Long Rest): If the boar takes 7 damage or less that would reduce it to 0 hit points, it is reduced to 1 hit point instead.",,,,,
52,Constrictor Snake,,,,,,,
53,Draft Horse,,,,,,,
54,Dretch,,,,,,,
55,Drow,"Fey Ancestry: The drow has advantage on saving throws against being Charmed, and magic can't put the drow to sleep.","Innate Spellcasting: The drow's spellcasting ability is Charisma (spell save DC 11). It can innately cast the following Spells, requiring no material components: ","Sunlight Sensitivity: While in sunlight, the drow has disadvantage on Attack rolls, as well as on Wisdom (Perception) checks that rely on sight.",,,,
56,Elk,"Charge: If the elk moves at least 20 ft. straight toward a target and then hits it with a ram Attack on the same turn, the target takes an extra 7 (2d6) damage. If the target is a creature, it must succeed on a DC 13 Strength saving throw or be knocked prone.",,,,,,
57,Flying Sword,"Antimagic Susceptibility: The sword is Incapacitated while in the area of an Antimagic Field. If targeted by Dispel Magic, the sword must succeed on a Constitution saving throw against the caster's spell save DC or fall Unconscious for 1 minute.","False Appearance: While the sword remains motionless and isn't flying, it is indistinguishable from a normal sword.",,,,,
58,Giant Badger,Keen Smell: The Badger has advantage on Wisdom (Perception) checks that rely on smell.,,,,,,
59,Giant Bat,Echolocation: The bat can't use its blindsight while Deafened.,Keen Hearing: The bat has advantage on Wisdom (Perception) checks that rely on hearing.,,,,,
60,Giant Centipede,,,,,,,
61,Giant Frog,Amphibious: The frog can breathe air and water,"Standing Leap: The frog's long jump is up to 20 ft. and its high jump is up to 10 ft., with or without a running start.",,,,,
62,Giant Lizard,Variant: Hold Breath: The Lizard can hold its breath for 15 minutes. (A Lizard that has this trait also has a swimming speed of 30 feet.),"Variant: Spider Climb: The Lizard can climb difficult surfaces, including upside down on ceilings, without needing to make an ability check.",,,,,
63,Giant Owl,Flyby: The owl doesn't provoke Opportunity Attacks when it flies out of an enemy's reach.,Keen Hearing and Sight: The owl has advantage on Wisdom (Perception) checks that rely on hearing or sight.,,,,,
64,Giant Poisonous Snake,,,,,,,
65,Giant Wolf Spider,"Spider Climb: The Spider can climb difficult surfaces, including upside down on ceilings, without needing to make an ability check.","Web Sense: While in contact with a web, the Spider knows the exact location of any other creature in contact with the same web.",Web Walker: The Spider ignores Movement restrictions caused by webbing.,,,,
66,Goblin,Nimble Escape: The goblin can take the Disengage or Hide action as a Bonus Action on each of its turns.,,,,,,
67,Grimlock,Blind Senses: The grimlock can't use its blindsight while Deafened and unable to smell.,Keen Hearing and Smell: The grimlock has advantage on Wisdom (Perception) checks that rely on hearing or smell.,Stone Camouflage: The grimlock has advantage on Dexterity (Stealth) checks made to hide in rocky terrain.,,,,
68,Panther,Keen Smell: The panther has advantage on Wisdom (Perception) checks that rely on smell.,"Pounce: If the panther moves at least 20 ft. straight toward a creature and then hits it with a claw Attack on the same turn, that target must succeed on a DC 12 Strength saving throw or be knocked prone. If the target is prone, the panther can make one bite Attack against it as a Bonus Action.",,,,,
69,Pseudodragon,"Keen Senses: The pseudodragon has advantage on Wisdom (Perception) checks that rely on sight, hearing, or smell.",Magic Resistance: The pseudodragon has advantage on saving throws against Spells and other magical effects.,"Limited Telepathy: The pseudodragon can magically communicate simple ideas, emotions, and images telepathically with any creature within 100 ft. of it that can understand a Language.","Variant: Familiar: The pseudodragon can serve another creature as a familiar, forming a magic, Telepathic Bond with that willing companion. While the two are bonded, the companion can sense what the pseudodragon senses as long as they are within 1 mile of each other. While the pseudodragon is within 10 feet of its companion, the companion shares the pseudodragon's Magic Resistance trait. At any time and for any reason, the pseudodragon can end its service as a familiar, ending the Telepathic Bond.",,,
70,Riding Horse,,,,,,,
71,Skeleton,,,,,,,
72,Sprite,,,,,,,
73,Steam Mephit,"Death Burst: When the mephit dies, it explodes in a cloud of steam. Each creature within 5 ft. of the mephit must succeed on a DC 10 Dexterity saving throw or take 4 (1d8) fire damage.","Innate Spellcasting (1/Day): The mephit can innately cast blur, requiring no material Components. Its innate spellcasting ability is Charisma.",,,,,
74,Swarm of Bats,Echolocation: The swarm can't use its blindsight while Deafened.,Keen Hearing: The swarm has advantage on Wisdom (Perception) checks that rely on hearing.,"Swarm: The swarm can occupy another creature's space and vice versa, and the swarm can move through any opening large enough for a Tiny bat. The swarm can't regain hit points or gain Temporary Hit Points.",,,,
75,Swarm of Rats,Keen Smell: The swarm has advantage on Wisdom (Perception) checks that rely on smell.,"Swarm: The swarm can occupy another creature's space and vice versa, and the swarm can move through any opening large enough for a Tiny rat. The swarm can't regain hit points or gain Temporary Hit Points.",,,,,
76,Swarm of Ravens,"Swarm: The swarm can occupy another creature's space and vice versa, and the swarm can move through any opening large enough for a Tiny raven. The swarm can't regain hit points or gain Temporary Hit Points.",,,,,,
77,Violet Fungus,"False Appearance: While the violet fungus remains motionless, it is indistinguishable from an ordinary fungus.",,,,,,
78,Wolf,Keen Hearing and Smell: The wolf has advantage on Wisdom (Perception) checks that rely on hearing or smell.,Pack Tactics: The wolf has advantage on an Attack roll against a creature if at least one of the wolf's allies is within 5 ft. of the creature and the ally isn't Incapacitated.,,,,,
79,Zombie,"Undead Fortitude: If damage reduces the zombie to 0 hit points, it must make a Constitution saving throw with a DC of 5+the damage taken, unless the damage is radiant or from a critical hit. On a success, the zombie drops to 1 hit point instead.",,,,,,
80,Ape,,,,,,,
81,Black Bear,Keen Smell: The bear has advantage on Wisdom (Perception) checks that rely on smell.,,,,,,
82,Cockatrice,,,,,,,
83,Crocodile,Hold Breath: The crocodile can hold its breath for 15 minutes.,,,,,,
84,Darkmantle,Echolocation: The darkmantle can't use its blindsight while Deafened.,"False Appearance: While the darkmantle remains motionless, it is indistinguishable from a cave formation such as a stalactite or stalagmite.",,,,,
85,Deep Gnome (Svirfneblin),Stone Camouflage: The gnome has advantage on Dexterity (Stealth) checks made to hide in rocky terrain.,"Gnome Cunning: The gnome has advantage on Intelligence, Wisdom, and Charisma saving throws against magic.","Innate Spellcasting: The gnome's innate spellcasting ability is Intelligence (spell save DC 11). It can innately cast the following Spells, requiring no material components:",,,,
86,Dust Mephit,"Death Burst: When the mephit dies, it explodes in a burst of dust. Each creature within 5 ft. of it must then succeed on a DC 10 Constitution saving throw or be Blinded for 1 minute. A Blinded creature can repeat the saving throw on each of its turns, ending the effect on itself on a success.","Innate Spellcasting (1/Day): The mephit can innately cast sleep, requiring no material Components. Its innate spellcasting ability is Charisma.",,,,,
87,Giant Goat,"Charge: If the goat moves at least 20 ft. straight toward a target and then hits it with a ram Attack on the same turn, the target takes an extra 5 (2d4) bludgeoning damage. If the target is a creature, it must succeed on a DC 13 Strength saving throw or be knocked prone.",Sure-Footed: The goat has advantage on Strength and Dexterity saving throws made against effects that would knock it prone.,,,,,
88,Giant Sea Horse,"Charge: If the Sea Horse moves at least 20 ft. straight toward a target and then hits it with a ram Attack on the same turn, the target takes an extra 7 (2d6) bludgeoning damage. If the target is a creature, it must succeed on a DC 11 Strength saving throw or be knocked prone.",Water Breathing: The Sea Horse can breathe only Underwater.,,,,,
89,Giant Wasp,,,,,,,
90,Gnoll,"Rampage: When the gnoll reduces a creature to 0 hit points with a melee Attack on its turn, the gnoll can take a Bonus Action to move up to half its speed and make a bite Attack.",,,,,,
91,Gray Ooze,Amorphous: The ooze can move through a space as narrow as 1 inch wide without squeezing.,"Corrode Metal: Any nonmagical weapon made of metal that hits the ooze corrodes. After dealing damage, the weapon takes a permanent and cumulative -1 penalty to Damage Rolls. If its penalty drops to -5, the weapon is destroyed. Nonmagical ammunition made of metal that hits the ooze is destroyed after dealing damage.","False Appearance: While the ooze remains motionless, it is indistinguishable from an oily pool or wet rock.",,,,
92,Hobgoblin,"Martial Advantage: Once per turn, the hobgoblin can deal an extra 7 (2d6) damage to a creature it hits with a weapon Attack if that creature is within 5 ft. of an ally of the hobgoblin that isn't Incapacitated.",,,,,,
93,Ice Mephit,"Death Burst: When the mephit dies, it explodes in a burst of jagged ice. Each creature within 5 ft. of it must make a DC 10 Dexterity saving throw, taking 4 (1d8) slashing damage on a failed save, or half as much damage on a successful one.","False Appearance: While the mephit remains motionless, it is indistinguishable from an ordinary shard of ice.","Innate Spellcasting (1/Day): The mephit can innately cast Fog Cloud, requiring no material Components. Its innate spellcasting ability is Charisma.",,,,
94,Lizardfolk,Hold Breath: The lizardfolk can hold its breath for 15 minutes.,,,,,,
95,Magma Mephit,"Death Burst: When the mephit dies, it explodes in a burst of lava. Each creature within 5 ft. of it must make a DC 11 Dexterity saving throw, taking 7 (2d6) fire damage on a failed save, or half as much damage on a successful one.","False Appearance: While the mephit remains motionless, it is indistinguishable from an ordinary mound of magma.","Innate Spellcasting (1/Day): The mephit can innately cast Heat Metal (spell save DC 10), requiring no material Components. Its innate spellcasting ability is Charisma.",,,,
96,Magmin,"Death Burst: When the magmin dies, it explodes in a burst of fire and magma. Each creature within 10 ft. of it must make a DC 11 Dexterity saving throw, taking 7 (2d6) fire damage on a failed save, or half as much damage on a successful one. Flammable Objects that aren't being worn or carried in that area are ignited.","Ignited Illumination: As a Bonus Action, the magmin can set itself ablaze or extinguish its flames. While ablaze, the magmin sheds bright light in a 10-foot radius and dim light for an additional 10 ft.",,,,,
97,Orc,"Aggressive: As a Bonus Action, the orc can move up to its speed toward a hostile creature that it can see.",,,,,,
98,Reef Shark,Pack Tactics: The shark has advantage on an Attack roll against a creature if at least one of the shark's allies is within 5 ft. of the creature and the ally isn't Incapacitated.,Water Breathing: The shark can breathe only Underwater.,,,,,
99,Rust Monster,"Iron Scent: The rust monster can pinpoint, by scent, the location of ferrous metal within 30 feet of it.","Rust Metal: Any nonmagical weapon made of metal that hits the rust monster corrodes. After dealing damage, the weapon takes a permanent and cumulative -1 penalty to Damage Rolls. If its penalty drops to -5, the weapon is destroyed. Non magical ammunition made of metal that hits the rust monster is destroyed after dealing damage.",,,,,
100,Sahuagin,Blood Frenzy: The sahuagin has advantage on melee Attack rolls against any creature that doesn't have all its hit points.,"Limited Amphibiousness: The sahuagin can breathe air and water, but it needs to be submerged at least once every 4 hours to avoid Suffocating.","Shark Telepathy: The sahuagin can magically Command any shark within 120 feet of it, using a limited telepathy.",,,,
101,Satyr,Magic Resistance: The satyr has advantage on saving throws against Spells and other magical effects.,,,,,,
102,Scout,Keen Hearing and Sight: The scout has advantage on Wisdom (Perception) checks that rely on hearing or sight.,,,,,,
103,Shadow,Amorphous: The shadow can move through a space as narrow as 1 inch wide without squeezing.,"Shadow Stealth: While in dim light or Darkness, the shadow can take the Hide action as a Bonus Action. Its stealth bonus is also improved to +6.","Sunlight Weakness: While in sunlight, the shadow has disadvantage on Attack rolls, Ability Checks, and saving throws.",,,,
104,Swarm of Beetles,"Swarm: The swarm can occupy another creature's space and vice versa, and the swarm can move through any opening large enough for a Tiny insect. The swarm can't regain hit points or gain Temporary Hit Points.",,,,,,
105,Swarm of Centipedes,"Swarm: The swarm can occupy another creature's space and vice versa, and the swarm can move through any opening large enough for a Tiny insect. The swarm can't regain hit points or gain Temporary Hit Points.",,,,,,
106,Swarm of Insects,"Swarm: The swarm can occupy another creature's space and vice versa, and the swarm can move through any opening large enough for a Tiny insect. The swarm can't regain hit points or gain Temporary Hit Points.",,,,,,
107,Swarm of Spiders,"Swarm: The swarm can occupy another creature's space and vice versa, and the swarm can move through any opening large enough for a Tiny insect. The swarm can't regain hit points or gain Temporary Hit Points.","Spider Climb: The swarm can climb difficult surfaces, including upside down on ceilings, without needing to make an ability check.","Web Sense: While in contact with a web, the swarm knows the exact location of any other creature in contact with the same web.",Web Walker: The swarm ignores Movement restrictions caused by webbing.,,,
108,Swarm of Wasps,"Swarm: The swarm can occupy another creature's space and vice versa, and the swarm can move through any opening large enough for a Tiny insect. The swarm can't regain hit points or gain Temporary Hit Points.",,,,,,
109,Thug,Pack Tactics: The thug has advantage on an Attack roll against a creature if at least one of the thug's allies is within 5 ft. of the creature and the ally isn't Incapacitated.,,,,,,
110,Warhorse,"Trampling Charge: If the horse moves at least 20 ft. straight toward a creature and then hits it with a hooves Attack on the same turn, that target must succeed on a DC 14 Strength saving throw or be knocked prone. If the target is prone, the horse can make another Attack with its hooves against it as a Bonus Action.",,,,,,
111,Warhorse Skeleton,,,,,,,
112,Worg,Keen Hearing and Smell: The worg has advantage on Wisdom (Perception) checks that rely on hearing or smell.,,,,,,
113,Animated Armor,"Antimagic Susceptibility: The armor is Incapacitated while in the area of an Antimagic Field. If targeted by Dispel Magic, the armor must succeed on a Constitution saving throw against the caster's spell save DC or fall Unconscious for 1 minute.","False Appearance: While the armor remains motionless, it is indistinguishable from a normal suit of armor.",,,,,
114,Brass Dragon Wyrmling,,,,,,,
115,Brown Bear,Keen Smell: The bear has advantage on Wisdom (Perception) checks that rely on smell.,,,,,,
116,Bugbear,Brute: A melee weapon deals one extra die of its damage when the bugbear hits with it (included in the attack).,"Surprise Attack: If the bugbear surprises a creature and hits it with an Attack during the first round of Combat, the target takes an extra 7 (2d6) damage from the Attack.",,,,,
117,Copper Dragon Wyrmling,,,,,,,
118,Death Dog,"Two-Headed: The dog has advantage on Wisdom (Perception) checks and on saving throws against being Blinded, Charmed, Deafened, Frightened, Stunned, or knocked Unconscious.",,,,,,
119,Dire Wolf,Keen Hearing and Smell: The wolf has advantage on Wisdom (Perception) checks that rely on hearing or smell.,Pack Tactics: The wolf has advantage on an Attack roll against a creature if at least one of the wolf's allies is within 5 ft. of the creature and the ally isn't Incapacitated.,,,,,
120,Dryad,"Innate Spellcasting: The dryad's innate spellcasting ability is Charisma (spell save DC 14). The dryad can innately cast the following Spells, requiring no material components: ",Magic Resistance: The dryad has advantage on saving throws against Spells and other magical effects.,Speak with Beasts and Plants: The dryad can communicate with Beasts and Plants as if they shared a Language.,"Tree Stride: Once on her turn, the dryad can use 10 ft. of her Movement to step magically into one living tree within her reach and emerge from a second living tree within 60 ft. of the first tree, appearing in an unoccupied space within 5 ft. of the second tree. Both trees must be large or bigger.",,,
121,Duergar,"Duergar Resilience: The duergar has advantage on saving throws against poison, Spells, and illusions, as well as to resist being Charmed or Paralyzed.","Sunlight Sensitivity: While in sunlight, the duergar has disadvantage on Attack rolls, as well as on Wisdom (Perception) checks that rely on sight.",,,,,
122,Ghoul,,,,,,,
123,Giant Eagle,Keen Sight: The eagle has advantage on Wisdom (Perception) checks that rely on sight.,,,,,,
124,Giant Hyena,"Rampage: When the hyena reduces a creature to 0 hit points with a melee Attack on its turn, the hyena can take a Bonus Action to move up to half its speed and make a bite Attack.",,,,,,
125,Giant Octopus,"Hold Breath: While out of water, the Octopus can hold its breath for 1 hour.",Underwater Camouflage: The Octopus has advantage on Dexterity (Stealth) checks made while Underwater.,Water Breathing: The Octopus can breathe only Underwater.,,,,
126,Giant Spider,"Spider Climb: The Spider can climb difficult surfaces, including upside down on ceilings, without needing to make an ability check.","Web Sense: While in contact with a web, the Spider knows the exact location of any other creature in contact with the same web.",Web Walker: The Spider ignores Movement restrictions caused by webbing.,,,,
127,Giant Toad,Amphibious: The toad can breathe air and water,"Standing Leap: The toad's long jump is up to 20 ft. and its high jump is up to 10 ft., with or without a running start.",,,,,
128,Giant Vulture,Keen Sight and Smell: The Vulture has advantage on Wisdom (Perception) checks that rely on sight or smell.,Pack Tactics: The Vulture has advantage on an Attack roll against a creature if at least one of the vulture's allies is within 5 ft. of the creature and the ally isn't Incapacitated.,,,,,
129,Harpy,,,,,,,
130,Hippogriff,Keen Sight: The hippogriff has advantage on Wisdom (Perception) checks that rely on sight.,,,,,,
131,Imp,"Shapechanger: The imp can use its action to Polymorph into a beast form that resembles a rat (speed 20 ft.), a raven (20 ft., fly 60 ft.), or a Spider (20 ft., climb 20 ft.), or back into its true form. Its Statistics are the same in each form, except for the speed changes noted. Any Equipment it is wearing or carrying isn't transformed. It reverts to its true form if it dies.",Devil's Sight: Magical Darkness doesn't impede the imp's Darkvision.,Magic Resistance: The imp has advantage on saving throws against Spells and other magical effects.,"Variant: Familiar: The imp can enter into a contract to serve another creature as a familiar, forming a Telepathic Bond with its willing master. While the two are bonded, the master can sense what the imp senses as long as they are within 1 mile of each other. While the imp is within 10 feet of its master, the master shares the imp’s Magic Resistance trait. If its master violates the terms of the contract, the imp can end its service as a familiar, ending the Telepathic Bond.",,,
132,Lion,Keen Smell: The lion has advantage on Wisdom (Perception) checks that rely on smell.,Pack Tactics: The lion has advantage on an Attack roll against a creature if at least one of the lion's allies is within 5 ft. of the creature and the ally isn't Incapacitated.,"Pounce: If the lion moves at least 20 ft. straight toward a creature and then hits it with a claw Attack on the same turn, that target must succeed on a DC 13 Strength saving throw or be knocked prone. If the target is prone, the lion can make one bite Attack against it as a Bonus Action.","Running Leap: With a 10-foot running start, the lion can long jump up to 25 ft..",,,
133,Quasit,"Shapechanger: The quasit can use its action to Polymorph into a beast form that resembles a bat (speed 10 ft. fly 40 ft.), a centipede (40 ft., climb 40 ft.), or a toad (40 ft., swim 40 ft.), or back into its true form . Its Statistics are the same in each form, except for the speed changes noted. Any Equipment it is wearing or carrying isn't transformed . It reverts to its true form if it dies.",Magic Resistance: The quasit has advantage on saving throws against Spells and other magical effects.,"Variant: Familiar: The quasit can serve another creature as a familiar, forming a Telepathic Bond with its willing master. While the two are bonded, the master can sense what the quasit senses as long as they are within 1 mile of each other. While the quasit is within 10 feet of its master, the master shares the quasit's Magic Resistance trait. At any time and for any reason, the quasit can end its service as a familiar, ending the Telepathic Bond.",,,,
134,Specter,Incorporeal Movement: The specter can move through other creatures and Objects as if they were difficult terrain. It takes 5 (1d10) force damage if it ends its turn inside an object.,"Sunlight Sensitivity: While in sunlight, the specter has disadvantage on Attack rolls, as well as on Wisdom (Perception) checks that rely on sight.",,,,,
135,Spy,"Cunning Action: On each of its turns, the spy can use a Bonus Action to take the Dash, Disengage, or Hide action.","Sneak Attack (1/Turn): The spy deals an extra 7 (2d6) damage when it hits a target with a weapon Attack and has advantage on the Attack roll, or when the target is within 5 ft. of an ally of the spy that isn't Incapacitated and the spy doesn't have disadvantage on the Attack roll.",,,,,
136,Swarm of Quippers,Blood Frenzy: The swarm has advantage on melee Attack rolls against any creature that doesn't have all its hit points.,"Swarm: The swarm can occupy another creature's space and vice versa, and the swarm can move through any opening large enough for a Tiny Quipper. The swarm can't regain hit points or gain Temporary Hit Points.",Water Breathing: The swarm can breathe only Underwater.,,,,
137,Tiger,Keen Smell: The tiger has advantage on Wisdom (Perception) checks that rely on smell.,"Pounce: If the tiger moves at least 20 ft. straight toward a creature and then hits it with a claw Attack on the same turn, that target must succeed on a DC 13 Strength saving throw or be knocked prone. If the target is prone, the tiger can make one bite Attack against it as a Bonus Action.",,,,,
138,Ankheg,,,,,,,
139,Awakened Tree,"False Appearance: While the tree remains motionless, it is indistinguishable from a normal tree.",,,,,,
140,Azer,Heated Body: A creature that touches the azer or hits it with a melee Attack while within 5 ft. of it takes 5 (1d10) fire damage.,"Heated Weapons: When the azer hits with a metal melee weapon, it deals an extra 3 (1d6) fire damage (included in the attack).",Illumination: The azer sheds bright light in a 10-foot radius and dim light for an additional 10 ft..,,,,
141,Bandit Captain,,,,,,,
142,Berserker,"Reckless: At the start of its turn, the berserker can gain advantage on all melee weapon Attack rolls during that turn, but Attack rolls against it have advantage until the start of its next turn.",,,,,,
143,Black Dragon Wyrmling,Amphibious: The dragon can breathe air and water.,,,,,,
144,Bronze Dragon Wyrmling,Amphibious: The dragon can breathe air and water.,,,,,,
145,Centaur,"Charge: If the centaur moves at least 30 ft. straight toward a target and then hits it with a pike Attack on the same turn, the target takes an extra 10 (3d6) piercing damage.",,,,,,
146,Cult Fanatic,Dark Devotion: The fanatic has advantage on saving throws against being Charmed or Frightened.,"Spellcasting: The fanatic is a 4th-level spellcaster. Its spell casting ability is Wisdom (spell save DC 11, +3 to hit with spell attacks). The fanatic has the following Cleric Spells prepared: ",,,,,
147,Druid,"Spellcasting: The druid is a 4th-level spellcaster. Its spellcasting ability is Wisdom (spell save DC 12, +4 to hit with spell attacks). It has the following druid Spells prepared: ",,,,,,
148,Ettercap,"Spider Climb: The ettercap can climb difficult surfaces, including upside down on ceilings, without needing to make an ability check.","Web Sense: While in contact with a web, the ettercap knows the exact location of any other creature in contact with the same web.",Web Walker: The ettercap ignores Movement restrictions caused by webbing.,,,,
149,Gargoyle,"False Appearance: While the gargoyle remains motion less, it is indistinguishable from an inanimate statue.",,,,,,
150,Gelatinous Cube,"Ooze Cube: The cube takes up its entire space. Other creatures can enter the space, but a creature that does so is subjected to the cube's Engulf and has disadvantage on the saving throw.","Transparent: Even when the cube is in plain sight, it takes a successful DC 15 Wisdom (Perception) check to spot a cube that has neither moved nor attacked. A creature that tries to enter the cube's space while unaware of the cube is surprised by the cube.",,,,,
151,Ghast,"Stench: Any creature that starts its turn within 5 ft. of the ghast must succeed on a DC 10 Constitution saving throw or be Poisoned until the start of its next turn. On a successful saving throw, the creature is immune to the ghast's Stench for 24 hours.",Turn Defiance: The ghast and any Ghouls within 30 ft. of it have advantage on saving throws against effects that turn Undead.,,,,,
152,Giant Boar,"Charge: If the boar moves at least 20 ft. straight toward a target and then hits it with a tusk Attack on the same turn, the target takes an extra 7 (2d6) slashing damage. If the target is a creature, it must succeed on a DC 13 Strength saving throw or be knocked prone.","Relentless (Recharges after a Short or Long Rest): If the boar takes 10 damage or less that would reduce it to 0 hit points, it is reduced to 1 hit point instead.",,,,,
153,Giant Constrictor Snake,,,,,,,
154,Giant Elk,"Charge: If the elk moves at least 20 ft. straight toward a target and then hits it with a ram Attack on the same turn, the target takes an extra 7 (2d6) damage. If the target is a creature, it must succeed on a DC 14 Strength saving throw or be knocked prone.",,,,,,
155,Gibbering Mouther,Aberrant Ground: The ground in a 10-foot radius around the mouther is doughlike difficult terrain. Each creature that starts its turn in that area must succeed on a DC 10 Strength saving throw or have its speed reduced to 0 until the start of its next turn.,"Gibbering: The mouther babbles incoherently while it can see any creature and isn't Incapacitated. Each creature that starts its turn within 20 feet of the mouther and can hear the gibbering must succeed on a DC 10 Wisdom saving throw. On a failure, the creature can't take reactions until the start of its next turn and rolls a d8 to determine what it does during its turn. On a 1 to 4, the creature does nothing. On a 5 or 6, the creature takes no action or Bonus Action and uses all its Movement to move in a randomly determined direction. On a 7 or 8, the creature makes a melee Attack against a randomly determined creature within its reach or does nothing if it can't make such an Attack.",,,,,
156,Green Dragon Wyrmling,Amphibious: The dragon can breathe air and water.,,,,,,
157,Grick,Stone Camouflage: The grick has advantage on Dexterity (Stealth) checks made to hide in rocky terrain.,,,,,,
158,Griffon,Keen Sight: The griffon has advantage on Wisdom (Perception) checks that rely on sight.,,,,,,
159,Hunter Shark,Blood Frenzy: The shark has advantage on melee Attack rolls against any creature that doesn't have all its hit points.,Water Breathing: The shark can breathe only Underwater.,,,,,
160,Merrow,Amphibious: The merrow can breathe air and water.,,,,,,
161,Mimic,"Shapechanger: The mimic can use its action to Polymorph into an object or back into its true, amorphous form. Its Statistics are the same in each form. Any Equipment it is wearing or carrying isn 't transformed. It reverts to its true form if it dies.",Adhesive (Object Form Only): The mimic adheres to anything that touches it. A Huge or smaller creature adhered to the mimic is also Grappled by it (escape DC 13). Ability Checks made to escape this grapple have disadvantage.,"False Appearance (Object Form Only): While the mimic remains motionless, it is indistinguishable from an ordinary object.",Grappler: The mimic has advantage on Attack rolls against any creature Grappled by it.,,,
162,Minotaur Skeleton,"Charge: If the Skeleton moves at least 10 feet straight toward a target and then hits it with a gore Attack on the same turn, the target takes an extra 9 (2d8) piercing damage. If the target is a creature, it must succeed on a DC 14 Strength saving throw or be pushed up to 10 feet away and knocked prone.",,,,,,
163,Ochre Jelly,Amorphous: The jelly can move through a space as narrow as 1 inch wide without squeezing.,"Spider Climb: The jelly can climb difficult surfaces, including upside down on ceilings, without needing to make an ability check.",,,,,
164,Ogre,,,,,,,
165,Ogre Zombie,"Undead Fortitude: If damage reduces the Zombie to 0 hit points, it must make a Constitution saving throw with a DC of 5+the damage taken, unless the damage is radiant or from a critical hit. On a success, the Zombie drops to 1 hit point instead.",,,,,,
166,Pegasus,,,,,,,
167,Plesiosaurus,Hold Breath: The plesiosaurus can hold its breath for 1 hour.,,,,,,
168,Polar Bear,Keen Smell: The bear has advantage on Wisdom (Perception) checks that rely on smell.,,,,,,
169,Priest,"Divine Eminence: As a Bonus Action, the priest can expend a spell slot to cause its melee weapon attacks to magically deal an extra 10 (3d6) radiant damage to a target on a hit. This benefit lasts until the end of the turn. If the priest expends a spell slot of 2nd level or higher, the extra damage increases by 1d6 for each level above 1st.","Spellcasting: The priest is a 5th-level spellcaster. Its spellcasting ability is Wisdom (spell save DC 13, +5 to hit with spell attacks). The priest has the following Cleric Spells prepared: ",,,,,
170,Rhinoceros,"Charge: If the rhinoceros moves at least 20 ft. straight toward a target and then hits it with a gore Attack on the same turn, the target takes an extra 9 (2d8) bludgeoning damage. If the target is a creature, it must succeed on a DC 15 Strength saving throw or be knocked prone.",,,,,,
171,Rug of Smothering,"Antimagic Susceptibility: The rug is Incapacitated while in the area of an Antimagic Field. If targeted by Dispel Magic, the rug must succeed on a Constitution saving throw against the caster's spell save DC or fall Unconscious for 1 minute.","Damage Transfer: While it is Grappling a creature, the rug takes only half the damage dealt to it, and the creature Grappled by the rug takes the other half.","False Appearance: While the rug remains motionless, it is indistinguishable from a normal rug.",,,,
172,Saber-Toothed Tiger,"
Keen Smell. The tiger has advantage on Wisdom  (Perception) checks that rely on smell. 

","Pounce. If the tiger moves at least 20 feet straight  toward a creature and then hits it with a claw Attack on  the same turn, that target must succeed on a DC 14  Strength saving throw or be knocked prone. If the  target is prone, the tiger can make one bite Attack  against it as a Bonus Action.",,,,,
173,Sea Hag,Amphibious: The hag can breathe air and water.,"Horrific Appearance: Any humanoid that starts its turn within 30 feet of the hag and can see the hag's true form must make a DC 11 Wisdom saving throw. On a failed save, the creature is Frightened for 1 minute. A creature can repeat the saving throw at the end of each of its turns, with disadvantage if the hag is within line of sight, ending the effect on itself on a success. If a creature's saving throw is successful or the effect ends for it, the creature is immune to the hag's Horrific Appearance for the next 24 hours.","Hag Coven: When hags must work together, they form covens, in spite of their selfish natures. A coven is made up of hags of any type, all of whom are equals within the group. However, each of the hags continues to desire more personal power.","Shared Spellcasting (Coven Only): While all three members of a hag coven are within 30 feet of one another, they can each cast the following Spells from the wizard's spell list but must share the Spell Slots among themselves: ","Hag Eye (Coven Only): A hag coven can craft a magic item called a Hag Eye, which is made from a real eye coated in varnish and often fitted to a pendant or other wearable item. The Hag Eye is usually entrusted to a minion for safekeeping and transport. A hag in the coven can take an action to see what the Hag Eye sees if the Hag Eye is on the same plane of existence. A Hag Eye has AC 10, 1 hit point, and Darkvision with a radius of 60 feet. If it is destroyed, each coven member takes 3d10 psychic damage and is Blinded for 24 hours.",,
174,Silver Dragon Wyrmling,,,,,,,
175,Swarm of Poisonous Snakes,"Swarm: The swarm can occupy another creature's space and vice versa, and the swarm can move through any opening large enough for a Tiny snake. The swarm can't regain hit points or gain Temporary Hit Points.",,,,,,
176,Wererat,"Shapechanger: The wererat can use its action to Polymorph into a rat-humanoid hybrid or into a Giant Rat, or back into its true form, which is humanoid. Its Statistics, other than its size, are the same in each form. Any Equipment it is wearing or carrying isn't transformed. It reverts to its true form if it dies.",Keen Smell: The wererat has advantage on Wisdom (Perception) checks that rely on smell.,,,,,
177,White Dragon Wyrmling,,,,,,,
178,Will-o'-Wisp,"Consume Life: As a Bonus Action, the will-o’-wisp can target one creature it can see within 5 feet of it that has 0 hit points and is still alive. The target must succeed on a DC 10 Constitution saving throw against this magic or die. If the target dies, the will-o’-wisp regains 10 (3d6) hit points. ",Ephemeral: The will-o’-wisp can’t wear or carry anything. ,Incorporeal Movement: The will-o’-wisp can move through other creatures and Objects as if they were difficult terrain. It takes 5 (1d10) force damage if it ends its turn inside an object. ,Variable Illumination: The will-o’-wisp sheds bright light in a 5- to 20-foot radius and dim light for an additional number of feet equal to the chosen radius. The will-o’-wisp can alter the radius as a Bonus Action. ,,,
179,Basilisk,"Petrifying Gaze: If a creature starts its turn within 30 ft. of the basilisk and the two of them can see each other, the basilisk can force the creature to make a DC 12 Constitution saving throw if the basilisk isn't Incapacitated. On a failed save, the creature magically begins to turn to stone and is Restrained. It must repeat the saving throw at the end of its next turn. On a success, the effect ends. On a failure, the creature is Petrified until freed by the Greater Restoration spell or other magic.",,,,,,
180,Bearded Devil,Devil's Sight: Magical Darkness doesn't impede the devil's Darkvision.,Magic Resistance: The devil has advantage on saving throws against Spells and other magical effects.,Steadfast: The devil can't be Frightened while it can see an allied creature within 30 feet of it.,,,,
181,Blue Dragon Wyrmling,,,,,,,
182,Doppelganger,"Shapechanger: The doppelganger can use its action to Polymorph into a Small or Medium humanoid it has seen, or back into its true form. Its Statistics, other than its size, are the same in each form. Any Equipment it is wearing or carrying isn't transformed. It reverts to its true form if it dies.","Ambusher: In the first round of a Combat, the doppelganger has advantage on Attack rolls against any creature it has surprised.","Surprise Attack: If the doppelganger surprises a creature and hits it with an Attack during the first round of Combat, the target takes an extra 10 (3d6) damage from the Attack.",,,,
183,Giant Scorpion,,,,,,,
184,Gold Dragon Wyrmling,Amphibious: The dragon can breathe air and water.,,,,,,
185,Green Hag,Amphibious: The hag can breathe air and water.,"Innate Spellcasting: The hag's innate spellcasting ability is Charisma (spell save DC 12). She can innately cast the following Spells, requiring no material components: ",Mimicry: The hag can mimic animal sounds and humanoid voices. A creature that hears the sounds can tell they are imitations with a successful DC 14 Wisdom (Insight) check.,"Hag Coven: When hags must work together, they form covens, in spite of their selfish natures. A coven is made up of hags of any type, all of whom are equals within the group. However, each of the hags continues to desire more personal power.","Shared Spellcasting (Coven Only): While all three members of a hag coven are within 30 feet of one another, they can each cast the following Spells from the wizard's spell list but must share the Spell Slots among themselves: ","Hag Eye (Coven Only): A hag coven can craft a magic item called a Hag Eye, which is made from a real eye coated in varnish and often fitted to a pendant or other wearable item. The Hag Eye is usually entrusted to a minion for safekeeping and transport. A hag in the coven can take an action to see what the Hag Eye sees if the Hag Eye is on the same plane of existence. A Hag Eye has AC 10, 1 hit point, and Darkvision with a radius of 60 feet. If it is destroyed, each coven member takes 3d10 psychic damage and is Blinded for 24 hours.",
186,Hell Hound,Keen Hearing and Smell: The hound has advantage on Wisdom (Perception) checks that rely on hearing or smell.,Pack Tactics: The hound has advantage on an Attack roll against a creature if at least one of the hound's allies is within 5 ft. of the creature and the ally isn't Incapacitated.,,,,,
187,Killer Whale,Echolocation: The whale can't use its blindsight while Deafened.,Hold Breath: The whale can hold its breath for 30 minutes,Keen Hearing: The whale has advantage on Wisdom (Perception) checks that rely on hearing.,,,,
188,Knight,Brave: The knight has advantage on saving throws against being Frightened.,,,,,,
189,Manticore,Tail Spike Regrowth: The manticore has twenty-four tail spikes. Used spikes regrow when the manticore finishes a Long Rest.,,,,,,
190,Minotaur,"Charge: If the minotaur moves at least 10 ft. straight toward a target and then hits it with a gore Attack on the same turn, the target takes an extra 9 (2d8) piercing damage. If the target is a creature, it must succeed on a DC 14 Strength saving throw or be pushed up to 10 ft. away and knocked prone.",Labyrinthine Recall: The minotaur can perfectly recall any path it has traveled.,"Reckless: At the start of its turn, the minotaur can gain advantage on all melee weapon Attack rolls it makes during that turn, but Attack rolls against it have advantage until the start of its next turn.",,,,
191,Mummy,,,,,,,
192,Nightmare,Confer Fire Resistance: The nightmare can grant Resistance to fire damage to anyone riding it.,Illumination: The nightmare sheds bright light in a 10-foot radius and dim light for an additional 10 feet.,,,,,
193,Owlbear,Keen Sight and Smell: The owlbear has advantage on Wisdom (Perception) checks that rely on sight or smell.,,,,,,
194,Phase Spider,"Ethereal Jaunt: As a Bonus Action, the Spider can magically shift from The Material Plane to the Ethereal Plane, or vice versa.","Spider Climb: The Spider can climb difficult surfaces, including upside down on ceilings, without needing to make an ability check.",Web Walker: The Spider ignores Movement restrictions caused by webbing.,,,,
195,Veteran,,,,,,,
196,Werewolf,"Shapechanger: The werewolf can use its action to Polymorph into a wolf-humanoid hybrid or into a wolf, or back into its true form, which is humanoid. Its Statistics, other than its AC, are the same in each form. Any Equipment it is wearing or carrying isn't transformed. It reverts to its true form if it dies.",Keen Hearing and Smell: The werewolf has advantage on Wisdom (Perception) checks that rely on hearing or smell.,,,,,
197,Wight,"Sunlight Sensitivity: While in sunlight, the wight has disadvantage on Attack rolls, as well as on Wisdom (Perception) checks that rely on sight.",,,,,,
198,Winter Wolf,Keen Hearing and Smell: The wolf has advantage on Wisdom (Perception) checks that rely on hearing or smell.,Pack Tactics: The wolf has advantage on an Attack roll against a creature if at least one of the wolf's allies is within 5 ft. of the creature and the ally isn't Incapacitated.,Snow Camouflage: The wolf has advantage on Dexterity (Stealth) checks made to hide in snowy terrain.,,,,
199,Black Pudding,Amorphous: The pudding can move through a space as narrow as 1 inch wide without squeezing.,"Corrosive Form: A creature that touches the pudding or hits it with a melee Attack while within 5 feet of it takes 4 (1d8) acid damage. Any nonmagical weapon made of metal or wood that hits the pudding corrodes. After dealing damage, the weapon takes a permanent and cumulative -1 penalty to Damage Rolls. If its penalty drops to -5, the weapon is destroyed. Nonmagical ammunition made of metal or wood that hits the pudding is destroyed after dealing damage. The pudding can eat through 2-inch-thick, nonmagical wood or metal in 1 round.","Spider Climb: The pudding can climb difficult surfaces, including upside down on ceilings, without needing to make an ability check.",,,,
200,Chuul,Amphibious: The chuul can breathe air and water.,Sense Magic: The chuul senses magic within 120 feet of it at will. This trait otherwise works like the Detect Magic spell but isn't itself magical.,,,,,
201,Couatl,"Innate Spellcasting: The couatl's spellcasting ability is Charisma (spell save DC 14). It can innately cast the following Spells, requiring only verbal components: ",Magic Weapons: The couatl's weapon attacks are magical.,"Shielded Mind: The couatl is immune to Scrying and to any effect that would sense its emotions, read its thoughts, or detect its location.",,,,
202,Elephant,"Trampling Charge: If the elephant moves at least 20 ft. straight toward a creature and then hits it with a gore Attack on the same turn, that target must succeed on a DC 12 Strength saving throw or be knocked prone. If the target is prone, the elephant can make one stomp Attack against it as a Bonus Action.",,,,,,
203,Ettin,"Two Heads: The ettin has advantage on Wisdom (Perception) checks and on saving throws against being Blinded, Charmed, Deafened, Frightened, Stunned, and knocked Unconscious.","Wakeful: When one of the ettin's heads is asleep, its other head is awake.",,,,,
204,Ghost,"Ethereal Sight: The ghost can see 60 ft. into the Ethereal Plane when it is on The Material Plane, and vice versa.",Incorporeal Movement: The ghost can move through other creatures and Objects as if they were difficult terrain. It takes 5 (1d10) force damage if it ends its turn inside an object.,,,,,
205,Lamia,"Innate Spellcasting: The lamia's innate spellcasting ability is Charisma (spell save DC 13). It can innately cast the following Spells, requiring no material Components. At will: Disguise Self (any humanoid form), Major Image 3/day each: Charm Person, Mirror Image, Scrying, Suggestion 1/day: geas",,,,,,
206,Red Dragon Wyrmling,,,,,,,
207,Succubus (Incubus),Telepathic Bond: The Fiend ignores the range restriction on its telepathy when communicating with a creature it has Charmed. The two don't even need to be on the same plane of existence.,"Shapechanger: The Fiend can use its action to Polymorph into a Small or Medium humanoid, or back into its true form. Without wings, The Fiend loses its flying speed. Other than its size and speed, its Statistics are the same in each form. Any Equipment it is wearing or carrying isn't transformed. It reverts to its true form if it dies.",,,,,
208,Wereboar,"Shapechanger: The wereboar can use its action to Polymorph into a boar-humanoid hybrid or into a boar, or back into its true form, which is humanoid. Its Statistics, other than its AC, are the same in each form. Any Equipment it is wearing or carrying isn't transformed. It reverts to its true form if it dies.","Charge (Boar or Hybrid Form Only): If the wereboar moves at least 15 feet straight toward a target and then hits it with its tusks on the same turn, the target takes an extra 7 (2d6) slashing damage. If the target is a creature, it must succeed on a DC 13 Strength saving throw or be knocked prone.","Relentless (Recharges after a Short or Long Rest): If the wereboar takes 14 damage or less that would reduce it to 0 hit points, it is reduced to 1 hit point instead.",,,,
209,Weretiger,"Shapechanger: The weretiger can use its action to Polymorph into a tiger-humanoid hybrid or into a tiger, or back into its true form, which is humanoid. Its Statistics, other than its size, are the same in each form. Any Equipment it is wearing or carrying isn't transformed. It reverts to its true form if it dies.",Keen Hearing and Smell: The weretiger has advantage on Wisdom (Perception) checks that rely on hearing or smell.,"Pounce (Tiger or Hybrid Form Only): If the weretiger moves at least 15 feet straight toward a creature and then hits it with a claw Attack on the same turn, that target must succeed on a DC 14 Strength saving throw or be knocked prone. If the target is prone, the weretiger can make one bite Attack against it as a Bonus Action.",,,,
210,Air Elemental,Air Form: The elemental can enter a hostile creature's space and stop there. It can move through a space as narrow as 1 inch wide without squeezing.,,,,,,
211,Barbed Devil,"Barbed Hide: At the start of each of its turns, the barbed devil deals 5 (1d10) piercing damage to any creature Grappling it.",Devil's Sight: Magical Darkness doesn't impede the devil's Darkvision.,Magic Resistance: The devil has advantage on saving throws against Spells and other magical effects.,,,,
212,Bulette,"Standing Leap: The bulette's long jump is up to 30 ft. and its high jump is up to 15 ft., with or without a running start.",,,,,,
213,Earth Elemental,"Earth Glide: The elemental can burrow through nonmagical, unworked earth and stone. While doing so, the elemental doesn't disturb the material it moves through.",Siege Monster: The elemental deals double damage to Objects and structures.,,,,,
214,Fire Elemental,"Fire Form: The elemental can move through a space as narrow as 1 inch wide without squeezing. A creature that touches the elemental or hits it with a melee Attack while within 5 ft. of it takes 5 (1d10) fire damage. In addition, the elemental can enter a hostile creature's space and stop there. The first time it enters a creature's space on a turn, that creature takes 5 (1d10) fire damage and catches fire; until someone takes an action to douse the fire, the creature takes 5 (1d10) fire damage at the start of each of its turns.",Illumination: The elemental sheds bright light in a 30-foot radius and dim light in an additional 30 ft..,"Water Susceptibility: For every 5 ft. the elemental moves in water, or for every gallon of water splashed on it, it takes 1 cold damage.",,,,
215,Flesh Golem,"Berserk: Whenever the golem starts its turn with 40 hit points or fewer, roll a d6. On a 6, the golem goes berserk. On each of its turns while berserk, the golem attacks the nearest creature it can see. If no creature is near enough to move to and Attack, the golem attacks an object, with preference for an object smaller than itself. Once the golem goes berserk, it continues to do so until it is destroyed or regains all its hit points.","Aversion of Fire: If the golem takes fire damage, it has disadvantage on Attack rolls and Ability Checks until the end of its next turn.",Immutable Form: The golem is immune to any spell or effect that would alter its form.,"Lightning Absorption: Whenever the golem is subjected to lightning damage, it takes no damage and instead regains a number of hit points equal to the lightning damage dealt.",Magic Resistance: The golem has advantage on saving throws against Spells and other magical effects.,Magic Weapons: The golem's weapon attacks are magical.,
216,Giant Crocodile,Hold Breath: The Crocodile can hold its breath for 30 minutes.,,,,,,
217,Giant Shark,Blood Frenzy: The shark has advantage on melee Attack rolls against any creature that doesn't have all its hit points.,Water Breathing: The shark can breathe only Underwater.,,,,,
218,Gladiator,Brave: The gladiator has advantage on saving throws against being Frightened.,Brute: A melee weapon deals one extra die of its damage when the gladiator hits with it (included in the attack).,,,,,
219,Gorgon,"Trampling Charge: If the gorgon moves at least 20 feet straight toward a creature and then hits it with a gore Attack on the same turn, that target must succeed on a DC 16 Strength saving throw or be knocked prone. If the target is prone, the gorgon can make one Attack with its hooves against it as a Bonus Action.",,,,,,
220,Half-Red Dragon Veteran,,,,,,,
221,Hill Giant,,,,,,,
222,Night Hag,"Innate Spellcasting: The hag's innate spellcasting ability is Charisma (spell save DC 14, +6 to hit with spell attacks). She can innately cast the following Spells, requiring no material components: ",Magic Resistance: The hag has advantage on saving throws against Spells and other magical effects.,"Night Hag Items: A night hag carries two very rare Magic Items that she must craft for herself If either object is lost, the night hag will go to great lengths to retrieve it, as creating a new tool takes time and effort.","Hag Coven: When hags must work together, they form covens, in spite of their selfish natures. A coven is made up of hags of any type, all of whom are equals within the group. However, each of the hags continues to desire more personal power.","Shared Spellcasting (Coven Only): While all three members of a hag coven are within 30 feet of one another, they can each cast the following Spells from the wizard's spell list but must share the Spell Slots among themselves: ","Hag Eye (Coven Only): A hag coven can craft a magic item called a Hag Eye, which is made from a real eye coated in varnish and often fitted to a pendant or other wearable item. The Hag Eye is usually entrusted to a minion for safekeeping and transport. A hag in the coven can take an action to see what the Hag Eye sees if the Hag Eye is on the same plane of existence. A Hag Eye has AC 10, 1 hit point, and Darkvision with a radius of 60 feet. If it is destroyed, each coven member takes 3d10 psychic damage and is Blinded for 24 hours.",
223,Otyugh,Limited Telepathy: The otyugh can magically transmit simple messages and images to any creature within 120 ft. of it that can understand a Language. This form of telepathy doesn't allow the receiving creature to telepathically respond.,,,,,,
224,Roper,"False Appearance: While the roper remains motionless, it is indistinguishable from a normal cave formation, such as a stalagmite.","Grasping Tendrils: The roper can have up to six tendrils at a time. Each tendril can be attacked (AC 20; 10 hit points; immunity to poison and psychic damage). Destroying a tendril deals no damage to the roper, which can extrude a replacement tendril on its next turn. A tendril can also be broken if a creature takes an action and succeeds on a DC 15 Strength check against it.","Spider Climb: The roper can climb difficult surfaces, including upside down on ceilings, without needing to make an ability check.",,,,
225,Salamander,Heated Body: A creature that touches the salamander or hits it with a melee Attack while within 5 ft. of it takes 7 (2d6) fire damage.,Heated Weapons: Any metal melee weapon the salamander wields deals an extra 3 (1d6) fire damage on a hit (included in the attack).,,,,,
226,Shambling Mound,"Lightning Absorption: Whenever the shambling mound is subjected to lightning damage, it takes no damage and regains a number of hit points equal to the lightning damage dealt.",,,,,,
227,Triceratops,"Trampling Charge: If the triceratops moves at least 20 ft. straight toward a creature and then hits it with a gore Attack on the same turn, that target must succeed on a DC 13 Strength saving throw or be knocked prone. If the target is prone, the triceratops can make one stomp Attack against it as a Bonus Action.",,,,,,
228,Troll,Keen Smell: The troll has advantage on Wisdom (Perception) checks that rely on smell.,"Regeneration: The troll regains 10 hit points at the start of its turn. If the troll takes acid or fire damage, this trait doesn't function at the start of the troll's next turn. The troll dies only if it starts its turn with 0 hit points and doesn't Regenerate.","Variant: Loathsome Limbs: Whenever the troll takes at least 15 slashing damage at one time, roll a d20 to determine what else happens to it: ",,,,
229,Unicorn,"Charge: If the unicorn moves at least 20 ft. straight toward a target and then hits it with a horn Attack on the same turn, the target takes an extra 9 (2d8) piercing damage. If the target is a creature, it must succeed on a DC 15 Strength saving throw or be knocked prone.","Innate Spellcasting: The unicorn's innate spellcasting ability is Charisma (spell save DC 14). The unicorn can innately cast the following Spells, requiring no components: ",Magic Resistance: The unicorn has advantage on saving throws against Spells and other magical effects.,Magic Weapons: The unicorn's weapon attacks are magical.,,,
230,Vampire Spawn,"Regeneration: The Vampire regains 10 hit points at the start of its turn if it has at least 1 hit point and isn't in sunlight or running water. If the Vampire takes radiant damage or damage from Holy Water, this trait doesn't function at the start of the vampire's next turn.","Spider Climb: The Vampire can climb difficult surfaces, including upside down on ceilings, without needing to make an ability check.",Vampire Weaknesses: The Vampire has the following flaws: ,,,,
231,Water Elemental,Water Form: The elemental can enter a hostile creature's space and stop there. It can move through a space as narrow as 1 inch wide without squeezing.,"Freeze: If the elemental takes cold damage, it partially freezes; its speed is reduced by 20 ft. until the end of its next turn.",,,,,
232,Werebear,"Shapechanger: The werebear can use its action to Polymorph into a Large bear-humanoid hybrid or into a Large bear, or back into its true form, which is humanoid. Its Statistics, other than its size and AC, are the same in each form. Any Equipment it. is wearing or carrying isn't transformed. It reverts to its true form if it dies.",Keen Smell: The werebear has advantage on WisGlom (Perception) checks that rely on smell.,,,,,
233,Wraith,Incorporeal Movement: The wraith can move through other creatures and Objects as if they were difficult terrain. It takes 5 (1d10) force damage if it ends its turn inside an object.,"Sunlight Sensitivity: While in sunlight, the wraith has disadvantage on Attack rolls, as well as on Wisdom (Perception) checks that rely on sight.",,,,,
234,Xorn,"Earth Glide: The xorn can burrow through nonmagical, unworked earth and stone. While doing so, the xorn doesn't disturb the material it moves through.",Stone Camouflage: The xorn has advantage on Dexterity (Stealth) checks made to hide in rocky terrain.,"Treasure Sense: The xorn can pinpoint, by scent, the location of precious metals and stones, such as coins and gems, within 60 ft. of it.",,,,
235,Chimera,,,,,,,
236,Drider,"Fey Ancestry: The drider has advantage on saving throws against being Charmed, and magic can't put the drider to sleep.","Innate Spellcasting: The drider's innate spellcasting ability is Wisdom (spell save DC 13). The drider can innately cast the following Spells, requiring no material components: ","Spider Climb: The drider can climb difficult surfaces, including upside down on ceilings, without needing to make an ability check.","Sunlight Sensitivity: While in sunlight, the drider has disadvantage on Attack rolls, as well as on Wisdom (Perception) checks that rely on sight.",Web Walker: The drider ignores Movement restrictions caused by webbing.,,
237,Invisible Stalker,Invisibility: The stalker is Invisible.,Faultless Tracker: The stalker is given a quarry by its summoner. The stalker knows the direction and distance to its quarry as long as the two of them are on the same plane of existence. The stalker also knows the location of its summoner.,,,,,
238,Mage,"Spellcasting: The mage is a 9th-level spellcaster. Its spellcasting ability is Intelligence (spell save DC 14, +6 to hit with spell attacks). The mage has the following Wizard Spells prepared: ",,,,,,
239,Mammoth,"Trampling Charge: If the mammoth moves at least 20 ft. straight toward a creature and then hits it with a gore Attack on the same turn, that target must succeed on a DC 18 Strength saving throw or be knocked prone. If the target is prone, the mammoth can make one stomp Attack against it as a Bonus Action.",,,,,,
240,Medusa,"Petrifying Gaze: When a creature that can see the medusa's eyes starts its turn within 30 ft. of the medusa, the medusa can force it to make a DC 14 Constitution saving throw if the medusa isn't Incapacitated and can see the creature. If the saving throw fails by 5 or more, the creature is instantly Petrified. Otherwise, a creature that fails the save begins to turn to stone and is Restrained. The Restrained creature must repeat the saving throw at the end of its next turn, becoming Petrified on a failure or ending the effect on a success. The petrification lasts until the creature is freed by the Greater Restoration spell or other magic.",,,,,,
241,Vrock,Magic Resistance: The vrock has advantage on saving throws against Spells and other magical effects.,,,,,,
242,Wyvern,,,,,,,
243,Young Brass Dragon,,,,,,,
244,Young White Dragon,"Ice Walk: The dragon can move across and climb icy surfaces without needing to make an ability check. Additionally, difficult terrain composed of ice or snow doesn't cost it extra moment.",,,,,,
245,Giant Ape,,,,,,,
246,Oni,"Innate Spellcasting: The oni's innate spellcasting ability is Charisma (spell save DC 13). The oni can innately cast the following Spells, requiring no material components: ",Magic Weapons: The oni's weapon attacks are magical.,Regeneration: The oni regains 10 hit points at the start of its turn if it has at least 1 hit point.,,,,
247,Shield Guardian,"Bound: The Shield guardian is magically bound to an Amulet. As long as the guardian and its Amulet are on the same plane of existence, the amulet's wearer can telepathically call the guardian to travel to it, and the guardian knows the distance and direction to the Amulet. If the guardian is within 60 feet of the amulet's wearer, half of any damage the wearer takes (rounded up) is transferred to the guardian.",Regeneration: The Shield guardian regains 10 hit points at the start of its turn if it has at least 1 hit. point.,"Spell Storing: A spellcaster who wears the Shield guardian's Amulet can cause the guardian to store one spell of 4th level or lower. To do so, the wearer must cast the spell on the guardian. The spell has no effect but is stored within the guardian. When commanded to do so by the wearer or when a situation arises that was predefined by the spellcaster, the guardian casts the stored spell with any parameters set by the original caster, requiring no Components. When the spell is cast or a new spell is stored, any previously stored spell is lost.",,,,
248,Stone Giant,Stone Camouflage: The giant has advantage on Dexterity (Stealth) checks made to hide in rocky terrain.,,,,,,
249,Young Black Dragon,Amphibious: The dragon can breathe air and water.,,,,,,
250,Young Copper Dragon,,,,,,,
251,Assassin,"Assassinate: During its first turn, the assassin has advantage on Attack rolls against any creature that hasn't taken a turn. Any hit the assassin scores against a surprised creature is a critical hit.","Evasion: If the assassin is subjected to an effect that allows it to make a Dexterity saving throw to take only half damage, the assassin instead takes no damage if it succeeds on the saving throw, and only half damage if it fails.","Sneak Attack (1/Turn): The assassin deals an extra 13 (4d6) damage when it hits a target with a weapon Attack and has advantage on the Attack roll, or when the target is within 5 ft. of an ally of the assassin that isn't Incapacitated and the assassin doesn't have disadvantage on the Attack roll.",,,,
252,Cloaker,"Damage Transfer: While attached to a creature, the cloaker takes only half the damage dealt to it (rounded down). and that creature takes the other half.","False Appearance: While the cloaker remains motionless without its underside exposed, it is indistinguishable from a dark leather cloak.","Light Sensitivity: While in bright light, the cloaker has disadvantage on Attack rolls and Wisdom (Perception) checks that rely on sight.",,,,
253,Frost Giant,,,,,,,
254,Hezrou,Magic Resistance: The hezrou has advantage on saving throws against Spells and other magical effects.,"Stench: Any creature that starts its turn within 10 feet of the hezrou must succeed on a DC 14 Constitution saving throw or be Poisoned until the start of its next turn. On a successful saving throw, the creature is immune to the hezrou's stench for 24 hours.",,,,,
255,Hydra,Hold Breath: The hydra can hold its breath for 1 hour.,"Multiple Heads: The hydra has five heads. While it has more than one head, the hydra has advantage on saving throws against being Blinded, Charmed, Deafened, Frightened, Stunned, and knocked Unconscious.","Reactive Heads: For each head the hydra has beyond one, it gets an extra reaction that can be used only for Opportunity Attacks.","Wakeful: While the hydra sleeps, at least one of its heads is awake.",,,
256,Spirit Naga,"Rejuvenation: If it dies, the naga returns to life in 1d6 days and regains all its hit points. Only a wish spell can prevent this trait from functioning.","Spellcasting: The naga is a 10th-level spellcaster. Its spellcasting ability is Intelligence (spell save DC 14, +6 to hit with spell attacks), and it needs only verbal Components to cast its Spells. It has the following Wizard Spells prepared: ",,,,,
257,Tyrannosaurus Rex,,,,,,,
258,Young Bronze Dragon,Amphibious: The dragon can breathe air and water.,,,,,,
259,Young Green Dragon,Amphibious: The dragon can breathe air and water.,,,,,,
260,Clay Golem,"Acid Absorption: Whenever the golem is subjected to acid damage, it takes no damage and instead regains a number of hit points equal to the acid damage dealt.","Berserk: Whenever the golem starts its turn with 60 hit points or fewer, roll a d6. On a 6, the golem goes berserk. On each of its turns while berserk, the golem attacks the nearest creature it can see. If no creature is near enough to move to and Attack, the golem attacks an object, with preference for an object smaller than itself. Once the golem goes berserk, it continues to do so until it is destroyed or regains all its hit points.",Immutable Form: The golem is immune to any spell or effect that would alter its form.,Magic Resistance: The golem has advantage on saving throws against Spells and other magical effects.,Magic Weapons: The golem's weapon attacks are magical.,,
261,Cloud Giant,Keen Smell: The giant has advantage on Wisdom (Perception) checks that rely on smell.,"Innate Spellcasting: The giant's innate spellcasting ability is Charisma. It can innately cast the following Spells, requiring no material components: ",,,,,
262,Fire Giant,,,,,,,
263,Glabrezu,"Innate Spellcasting: The glabrezu's spellcasting ability is Intelligence (spell save DC 16). The glabrezu can innately cast the following Spells, requiring no material components: ",Magic Resistance: The glabrezu has advantage on saving throws against Spells and other magical effects.,,,,,
264,Treant,"False Appearance: While the treant remains motionless, it is indistinguishable from a normal tree.",Siege Monster: The treant deals double damage to Objects and structures.,,,,,
265,Young Blue Dragon,,,,,,,
266,Young Silver Dragon,,,,,,,
267,Aboleth,Amphibious: The aboleth can breathe air and water.,"Mucous Cloud: While Underwater, the aboleth is surrounded by transformative mucus. A creature that touches the aboleth or that hits it with a melee Attack while within 5 ft. of it must make a DC 14 Constitution saving throw. On a failure, the creature is diseased for 1d4 hours. The diseased creature can breathe only Underwater.","Probing Telepathy: If a creature communicates telepathically with the aboleth, the aboleth learns the creature's greatest desires if the aboleth can see the creature.",,,,
268,Deva,"Angelic Weapons: The deva's weapon attacks are magical. When the deva hits with any weapon, the weapon deals an extra 4d8 radiant damage (included in the attack).","Innate Spellcasting: The deva's spellcasting ability is Charisma (spell save DC 17). The deva can innately cast the following Spells, requiring only verbal components: ",Magic Resistance: The deva has advantage on saving throws against Spells and other magical effects.,,,,
269,Guardian Naga,"Rejuvenation: If it dies, the naga returns to life in 1d6 days and regains all its hit points. Only a wish spell can prevent this trait from functioning.","Spellcasting: The naga is an 11th-level spellcaster. Its spellcasting ability is Wisdom (spell save DC 16, +8 to hit with spell attacks), and it needs only verbal Components to cast its Spells. It has the following Cleric Spells prepared: ",,,,,
270,Stone Golem,Immutable Form: The golem is immune to any spell or effect that would alter its form.,Magic Resistance: The golem has advantage on saving throws against Spells and other magical effects.,Magic Weapons: The golem's weapon attacks are magical.,,,,
271,Young Gold Dragon,Amphibious: The dragon can breathe air and water.,,,,,,
272,Young Red Dragon,,,,,,,
273,Behir,,,,,,,
274,Chain Devil,Devil's Sight: Magical Darkness doesn't impede the devil's Darkvision.,Magic Resistance: The devil has advantage on saving throws against Spells and other magical effects.,,,,,
275,Djinni,"Elemental Demise: If the djinni dies, its body disintegrates into a warm breeze, leaving behind only Equipment the djinni was wearing or carrying.","Innate Spellcasting: The djinni's innate spellcasting ability is Charisma (spell save DC 17, +9 to hit with spell attacks). It can innately cast the following Spells, requiring no material components: ","Variant: Genie Powers: Genies have a variety of magical capabilities, including Spells. A few have even greater powers that allow them to alter their appearance or the nature of reality.",,,,
276,Efreeti,"Elemental Demise: If the efreeti dies, its body disintegrates in a flash of fire and puff of smoke, leaving behind only Equipment the Djinni was wearing or carrying.","Innate Spellcasting: The efreeti's innate spell casting ability is Charisma (spell save DC 15, +7 to hit with spell attacks). It can innately cast the following Spells, requiring no material components: ","Variant: Genie Powers: Genies have a variety of magical capabilities, including Spells. A few have even greater powers that allow them to alter their appearance or the nature of reality.",,,,
277,Gynosphinx,"Inscrutable: The sphinx is immune to any effect that would sense its emotions or read its thoughts, as well as any Divination spell that it refuses. Wisdom (Insight) checks made to ascertain the sphinx's intentions or sincerity have disadvantage.",Magic Weapons: The sphinx's weapon attacks are magical.,"Spellcasting: The sphinx is a 9th-level spellcaster. Its spellcasting ability is Intelligence (spell save DC 16, +8 to hit with spell attacks). It requires no material Components to cast its Spells. The sphinx has the following Wizard Spells prepared: ",,,,
278,Horned Devil,Devil's Sight: Magical Darkness doesn't impede the devil's Darkvision.,Magic Resistance: The devil has advantage on saving throws against Spells and other magical effects.,,,,,
279,Remorhaz,Heated Body: A creature that touches the remorhaz or hits it with a melee Attack while within 5 feet of it takes 10 (3d6) fire damage.,,,,,,
280,Roc,Keen Sight: The roc has advantage on Wisdom (Perception) checks that rely on sight.,,,,,,
281,Archmage,Magic Resistance: The archmage has advantage on saving throws against Spells and other magical effects.,"Spellcasting: The archmage is an 18th-level spellcaster. Its spellcasting ability is Intelligence (spell save DC 17, +9 to hit with spell attacks). The archmage can cast Disguise Self and Invisibility at will and has the following Wizard Spells prepared: ",,,,,
282,Bone Devil,Devil's Sight: Magical Darkness doesn't impede the devil's Darkvision.,Magic Resistance: The devil has advantage on saving throws against Spells and other magical effects.,,,,,
283,Erinyes,Hellish Weapons: The erinyes's weapon attacks are magical and deal an extra 13 (3d8) poison damage on a hit (included in the attacks).,Magic Resistance: The erinyes has advantage on saving throws against Spells and other magical effects.,,,,,
284,Adult Brass Dragon,"Legendary Resistance (3/Day): If the dragon fails a saving throw, it can choose to succeed instead.",,,,,,
285,Adult White Dragon,"Ice Walk: The dragon can move across and climb icy surfaces without needing to make an ability check. Additionally, difficult terrain composed of ice or snow doesn't cost it extra moment.","Legendary Resistance (3/Day): If the dragon fails a saving throw, it can choose to succeed instead.",,,,,
286,Nalfeshnee,Magic Resistance: The nalfeshnee has advantage on saving throws against Spells and other magical effects.,,,,,,
287,Rakshasa,Limited Magic Immunity: The rakshasa can't be affected or detected by Spells of 6th level or lower unless it wishes to be. It has advantage on saving throws against all other Spells and magical effects.,"Innate Spellcasting: The rakshasa's innate spellcasting ability is Charisma (spell save DC 18, +10 to hit with spell attacks). The rakshasa can innately cast the following Spells, requiring no material components: ",,,,,
288,Storm Giant,Amphibious: The giant can breathe air and water.,"Innate Spellcasting: The giant's innate spellcasting ability is Charisma (spell save DC 17). It can innately cast the following Spells, requiring no material components: ",,,,,
289,Vampire,"Shapechanger: If the vampire isn't in sun light or running water, it can use its action to Polymorph into a Tiny bat or a Medium cloud of mist, or back into its true form.","Legendary Resistance (3/Day): If the vampire fails a saving throw, it can choose to succeed instead.","Misty Escape: When it drops to 0 hit points outside its Resting place, the vampire transforms into a cloud of mist (as in the Shapechanger trait) instead of Falling Unconscious, provided that it isn't in sunlight or running water. If it can't transform, it is destroyed.","Regeneration: The vampire regains 20 hit points at the start of its turn if it has at least 1 hit point and isn't in sunlight or running water. If the vampire takes radiant damage or damage from Holy Water, this trait doesn't function at the start of the vampire's next turn.","Spider Climb: The vampire can climb difficult surfaces, including upside down on ceilings, without needing to make an ability check.",Vampire Weaknesses: The vampire has the following flaws: ,
290,Adult Black Dragon,Amphibious: The dragon can breathe air and water.,"Legendary Resistance (3/Day): If the dragon fails a saving throw, it can choose to succeed instead.",,,,,
291,Adult Copper Dragon,"Legendary Resistance (3/Day): If the dragon fails a saving throw, it can choose to succeed instead.",,,,,,
292,Ice Devil,Devil's Sight: Magical Darkness doesn't impede the devil's Darkvision.,Magic Resistance: The devil has advantage on saving throws against Spells and other magical effects.,,,,,
293,Adult Bronze Dragon,Amphibious: The dragon can breathe air and water.,"Legendary Resistance (3/Day): If the dragon fails a saving throw, it can choose to succeed instead.",,,,,
294,Adult Green Dragon,Amphibious: The dragon can breathe air and water.,"Legendary Resistance (3/Day): If the dragon fails a saving throw, it can choose to succeed instead.",,,,,
295,Mummy Lord,Magic Resistance: The mummy lord has advantage on saving throws against Spells and other magical effects.,"Rejuvenation: A destroyed mummy lord gains a new body in 24 hours if its heart is intact, regaining all its hit points and becoming active again. The new body appears within 5 feet of the mummy lord's heart.","Spellcasting: The mummy lord is a 10th-level spellcaster. Its spellcasting ability is Wisdom (spell save DC 17, +9 to hit with spell attacks). The mummy lord has the following Cleric Spells prepared: ",,,,
296,Purple Worm,Tunneler: The worm can burrow through solid rock at half its burrow speed and leaves a 10-foot-diameter tunnel in its wake.,,,,,,
297,Adult Blue Dragon,"Legendary Resistance (3/Day): If the dragon fails a saving throw, it can choose to succeed instead.",,,,,,
298,Adult Silver Dragon,"Legendary Resistance (3/Day): If the dragon fails a saving throw, it can choose to succeed instead.",,,,,,
299,Iron Golem,"Fire Absorption: Whenever the golem is subjected to fire damage, it takes no damage and instead regains a number of hit points equal to the fire damage dealt.",Immutable Form: The golem is immune to any spell or effect that would alter its form.,Magic Resistance: The golem has advantage on saving throws against Spells and other magical effects.,Magic Weapons: The golem's weapon attacks are magical.,,,
300,Marilith,Magic Resistance: The marilith has advantage on saving throws against Spells and other magical effects.,Magic Weapons: The marilith's weapon attacks are magical.,Reactive: The marilith can take one reaction on every turn in Combat.,,,,
301,Planetar,"Angelic Weapons: The planetar's weapon attacks are magical. When the planetar hits with any weapon, the weapon deals an extra 5d8 radiant damage (included in the attack).",Divine Awareness: The planetar knows if it hears a lie.,"Innate Spellcasting: The planetar's spellcasting ability is Charisma (spell save DC 20). The planetar can innately cast the following Spells, requiring no material components: ",Magic Resistance: The planetar has advantage on saving throws against Spells and other magical effects.,,,
302,Adult Gold Dragon,Amphibious: The dragon can breathe air and water.,"Legendary Resistance (3/Day): If the dragon fails a saving throw, it can choose to succeed instead.",,,,,
303,Adult Red Dragon,"Legendary Resistance (3/Day): If the dragon fails a saving throw, it can choose to succeed instead.",,,,,,
304,Androsphinx,"Inscrutable: The sphinx is immune to any effect that would sense its emotions or read its thoughts, as well as any Divination spell that it refuses. Wisdom (Insight) checks made to ascertain the sphinx's intentions or sincerity have disadvantage.",Magic Weapons: The sphinx's weapon attacks are magical.,"Spellcasting: The sphinx is a 12th-level spellcaster. Its spellcasting ability is Wisdom (spell save DC 18, +10 to hit with spell attacks). It requires no material Components to cast its Spells. The sphinx has the following Cleric Spells prepared: ",,,,
305,Dragon Turtle,Amphibious: The dragon turtle can breathe air and water.,,,,,,
306,Balor,"Death Throes: When the balor dies, it explodes, and each creature within 30 feet of it must make a DC 20 Dexterity saving throw, taking 70 (20d6) fire damage on a failed save, or half as much damage on a successful one. The explosion ignites flammable Objects in that area that aren't being worn or carried, and it destroys the balor's Weapons.","Fire Aura: At the start of each of the balor's turns, each creature within 5 feet of it takes 10 (3d6) fire damage, and flammable Objects in the aura that aren't being worn or carried ignite. A creature that touches the balor or hits it with a melee Attack while within 5 feet of it takes 10 (3d6) fire damage.",Magic Resistance: The balor has advantage on saving throws against Spells and other magical effects.,Magic Weapons: The balor's weapon attacks are magical.,,,
307,Ancient Brass Dragon,"Legendary Resistance (3/Day): If the dragon fails a saving throw, it can choose to succeed instead.",,,,,,
308,Ancient White Dragon,"Ice Walk: The dragon can move across and climb icy surfaces without needing to make an ability check. Additionally, difficult terrain composed of ice or snow doesn't cost it extra moment.","Legendary Resistance (3/Day): If the dragon fails a saving throw, it can choose to succeed instead.",,,,,
309,Pit Fiend,"Fear Aura: Any creature hostile to the pit fiend that starts its turn within 20 feet of the pit fiend must make a DC 21 Wisdom saving throw, unless the pit fiend is Incapacitated. On a failed save, the creature is Frightened until the start of its next turn. If a creature's saving throw is successful, the creature is immune to the pit fiend's Fear Aura for the next 24 hours.",Magic Resistance: The pit fiend has advantage on saving throws against Spells and other magical effects.,Magic Weapons: The pit fiend's weapon attacks are magical.,"Innate Spellcasting: The pit fiend's spellcasting ability is Charisma (spell save DC 21). The pit fiend can innately cast the following Spells, requiring no material components: ",,,
310,Ancient Black Dragon,Amphibious: The dragon can breathe air and water.,"Legendary Resistance (3/Day): If the dragon fails a saving throw, it can choose to succeed instead.",,,,,
311,Ancient Copper Dragon,"Legendary Resistance (3/Day): If the dragon fails a saving throw, it can choose to succeed instead.",,,,,,
312,Lich,"Legendary Resistance (3/Day): If the lich fails a saving throw, it can choose to succeed instead.","Rejuvenation: If it has a phylactery, a destroyed lich gains a new body in 1d10 days, regaining all its hit points and becoming active again. The new body appears within 5 feet of the phylactery.","Spellcasting: The lich is an 18th-level spellcaster. Its spellcasting ability is Intelligence (spell save DC 20, +12 to hit with spell attacks). The lich has the following Wizard Spells prepared: ",Turn Resistance: The lich has advantage on saving throws against any effect that turns Undead.,,,
313,Solar,"Angelic Weapons: The solar's weapon attacks are magical. When the solar hits with any weapon, the weapon deals an extra 6d8 radiant damage (included in the attack).",Divine Awareness: The solar knows if it hears a lie.,"Innate Spellcasting: The solar's spell casting ability is Charisma (spell save DC 25). It can innately cast the following Spells, requiring no material components: ",Magic Resistance: The solar has advantage on saving throws against Spells and other magical effects.,,,
314,Ancient Bronze Dragon,Amphibious: The dragon can breathe air and water.,"Legendary Resistance (3/Day): If the dragon fails a saving throw, it can choose to succeed instead.",,,,,
315,Ancient Green Dragon,Amphibious: The dragon can breathe air and water.,"Legendary Resistance (3/Day): If the dragon fails a saving throw, it can choose to succeed instead.",,,,,
316,Ancient Blue Dragon,"Legendary Resistance (3/Day): If the dragon fails a saving throw, it can choose to succeed instead.",,,,,,
317,Ancient Silver Dragon,"Legendary Resistance (3/Day): If the dragon fails a saving throw, it can choose to succeed instead.",,,,,,
318,Kraken,Amphibious: The kraken can breathe air and water.,"Freedom of Movement: The kraken ignores difficult terrain, and magical effects can't reduce its speed or cause it to be Restrained. It can spend 5 feet of Movement to escape from nonmagical restraints or being Grappled.",Siege Monster: The kraken deals double damage to Objects and structures.,,,,
319,Ancient Gold Dragon,Amphibious: The dragon can breathe air and water.,"Legendary Resistance (3/Day): If the dragon fails a saving throw, it can choose to succeed instead.",,,,,
320,Ancient Red Dragon,"Legendary Resistance (3/Day): If the dragon fails a saving throw, it can choose to succeed instead.",,,,,,
321,Tarrasque,"Legendary Resistance (3/Day): If the tarrasque fails a saving throw, it can choose to succeed instead.",Magic Resistance: The tarrasque has advantage on saving throws against Spells and other magical effects.,"Reflective Carapace: Any time the tarrasque is targeted by a Magic Missile spell, a line spell, or a spell that requires a ranged Attack roll, roll a d6. On a 1 to 5, the tarrasque is unaffected. On a 6, the tarrasque is unaffected, and the effect is reflected back at the caster as though it originated from the tarrasque, turning the caster into the target.",Siege Monster: The tarrasque deals double damage to Objects and structures.,,,
